{
    "loss": 1.501173973083496,
    "accuracy": 0.8418667912483215
}